--
-- PostgreSQL database dump
--

-- Dumped from database version 17.4
-- Dumped by pg_dump version 17.4

-- Started on 2025-05-20 13:12:13

SET statement_timeout = 0;
SET lock_timeout = 0;
SET idle_in_transaction_session_timeout = 0;
SET transaction_timeout = 0;
SET client_encoding = 'UTF8';
SET standard_conforming_strings = on;
SELECT pg_catalog.set_config('search_path', '', false);
SET check_function_bodies = false;
SET xmloption = content;
SET client_min_messages = warning;
SET row_security = off;

SET default_tablespace = '';

SET default_table_access_method = heap;

--
-- TOC entry 218 (class 1259 OID 16441)
-- Name: question; Type: TABLE; Schema: public; Owner: postgres
--

CREATE TABLE public.question (
    id integer NOT NULL,
    category character varying(255),
    difficulty_level character varying(255),
    option1 character varying(255),
    option2 character varying(255),
    option3 character varying(255),
    option4 character varying(255),
    question_title character varying(255),
    right_answer character varying(255)
);


ALTER TABLE public.question OWNER TO postgres;

--
-- TOC entry 217 (class 1259 OID 16440)
-- Name: question_id_seq; Type: SEQUENCE; Schema: public; Owner: postgres
--

ALTER TABLE public.question ALTER COLUMN id ADD GENERATED BY DEFAULT AS IDENTITY (
    SEQUENCE NAME public.question_id_seq
    START WITH 1
    INCREMENT BY 1
    NO MINVALUE
    NO MAXVALUE
    CACHE 1
);


--
-- TOC entry 220 (class 1259 OID 16449)
-- Name: quiz; Type: TABLE; Schema: public; Owner: postgres
--

CREATE TABLE public.quiz (
    id integer NOT NULL,
    title character varying(255)
);


ALTER TABLE public.quiz OWNER TO postgres;

--
-- TOC entry 219 (class 1259 OID 16448)
-- Name: quiz_id_seq; Type: SEQUENCE; Schema: public; Owner: postgres
--

ALTER TABLE public.quiz ALTER COLUMN id ADD GENERATED BY DEFAULT AS IDENTITY (
    SEQUENCE NAME public.quiz_id_seq
    START WITH 1
    INCREMENT BY 1
    NO MINVALUE
    NO MAXVALUE
    CACHE 1
);


--
-- TOC entry 221 (class 1259 OID 16454)
-- Name: quiz_questions; Type: TABLE; Schema: public; Owner: postgres
--

CREATE TABLE public.quiz_questions (
    quiz_id integer NOT NULL,
    questions_id integer NOT NULL
);


ALTER TABLE public.quiz_questions OWNER TO postgres;

--
-- TOC entry 4903 (class 0 OID 16441)
-- Dependencies: 218
-- Data for Name: question; Type: TABLE DATA; Schema: public; Owner: postgres
--

COPY public.question (id, category, difficulty_level, option1, option2, option3, option4, question_title, right_answer) FROM stdin;
1	java	Easy	A function	An object	A data structure	A loop	What is a class in Java?	An object
2	java	Easy	Object-Oriented Programming	Object Ordering Process	Operating Overloaded Pointers	Order of Operations	What does OOP stand for?	Object-Oriented Programming
3	python	Easy	A type of loop	A built-in function	A data structure	An object	What is a list in Python?	A data structure
4	python	Medium	Stack	Queue	Array	LinkedList	Which data structure uses First-In-First-Out (FIFO) order?	Queue
5	java	Medium	A member of a class	A loop in Python	A data type	A special method	What is a constructor?	A special method
6	python	Hard	Merge Sort	Quick Sort	Insertion Sort	Bubble Sort	Which sorting algorithm has the worst-case time complexity of O(n^2)?	Bubble Sort
7	java	Easy	Class	Method	Object	Constructor	In Java, what is used to create an instance of a class?	Constructor
8	java	Easy	static	final	constant	immutable	Which keyword is used to define a variable that won’t be reassigned?	final
9	python	Easy	7	64	81	12	What is the output of 4 ^ 3 in Python?	64
10	java	Medium	Using multiple inheritance	Ability to take multiple forms	Manipulating data	Using multiple programming languages	What does the term "polymorphism" refer to in programming?	Ability to take multiple forms
11	python	Medium	It refers to the current instance of the class	It is used to call parent class methods	It is a keyword for loops	It is a data type	What is the purpose of the "self" parameter in Python class methods?	It refers to the current instance of the class
12	java	Medium	int	boolean	char	string	Which of the following is not a primitive data type in Java?	string
13	python	Medium	O(n)	O(log n)	O(n^2)	O(1)	What is the time complexity of a binary search?	O(log n)
14	python	Easy	extends	inherits	super	class	What keyword is used to inherit a class in Python?	class
15	java	Easy	for loop	while loop	do-while loop	until loop	Which type of loop is ideal for situations where the number of iterations is known?	for loop
16	python	Easy	To export data	To create a backup	To include external modules	To print output	What is the purpose of "import" in Python?	To include external modules
17	java	Easy	public	private	protected	package-private	In Java, which access modifier provides the widest visibility?	public
18	python	Medium	A function that uses the "lambda" keyword	A function with multiple return values	A function with no parameters	An anonymous inline function	What is a lambda function in Python?	An anonymous inline function
19	java	Medium	A type of array	A linear data structure	A collection of objects	A group of classes	What is a linked list?	A linear data structure
20	python	Easy	&	+	*	++	Which operator is used to concatenate strings in Python?	+
21	java	Easy	Java Virtual Machine	Just Virtual Memory	JavaScript Virtual Machine	Java Version Manager	What does JVM stand for?	Java Virtual Machine
22	python	Medium	Tuples are mutable, lists are not	Lists are ordered, tuples are not	Tuples can store mixed data types, lists cannot	Lists have a fixed size, tuples do not	In Python, what is the main difference between a tuple and a list?	Tuples can store mixed data types, lists cannot
23	java	Medium	To handle exceptions	To define a fallback value	To execute code regardless of exceptions	To terminate the program	What is the purpose of the "finally" block in a try-catch-finally statement?	To execute code regardless of exceptions
24	python	Easy	A sorted collection of elements	A data structure used for searching	An ordered sequence of elements	A key-value store	What is a dictionary in Python?	A key-value store
25	java	Easy	child	extends	inherits	subclass	Which keyword is used to define a subclass in Java?	extends
26	python	Easy	To stop the execution of a loop	To indicate an empty code block	To raise an exception	To terminate the program	What is the purpose of the "pass" statement in Python?	To indicate an empty code block
27	springboot	Medium	It defines the main class	It scans components	It enables auto-configuration	All of the above	What does @SpringBootApplication do in a Spring Boot app?	All of the above
28	springboot	Easy	@Entity	@RestController	@Service	@Component	Which annotation is used to create a REST API in Spring Boot?	@RestController
29	springboot	Easy	spring-boot-starter-data-jpa	spring-boot-starter-security	spring-boot-starter-web	spring-boot-starter-test	Which dependency is essential for building a Spring Boot web application?	spring-boot-starter-web
30	springboot	Easy	Jetty	Tomcat	Undertow	GlassFish	What is the default embedded server used in Spring Boot?	Tomcat
33	springboot	Easy	@Entity	@RestController	@Service	@Component	Which annotation is used to create a REST API in Spring Boot?	@RestController
34	springboot	Easy	application.properties	config.xml	settings.yml	boot.config	Which file is used to configure Spring Boot application properties?	application.properties
35	springboot	Medium	@SpringBootApplication	@ComponentScan	@Configuration	@EnableAutoConfiguration	Which annotation is used to define the main class of a Spring Boot application?	@SpringBootApplication
36	springboot	Medium	Bean Scanning	Dependency Injection	Auto-configuration	Manual Configuration	Which Spring Boot feature automatically configures beans based on dependencies in the classpath?	Auto-configuration
\.


--
-- TOC entry 4905 (class 0 OID 16449)
-- Dependencies: 220
-- Data for Name: quiz; Type: TABLE DATA; Schema: public; Owner: postgres
--

COPY public.quiz (id, title) FROM stdin;
1	JQuiz
2	JQuiz
3	JQuiz
4	PQuiz
5	PQuiz2
6	SpQuiz
\.


--
-- TOC entry 4906 (class 0 OID 16454)
-- Dependencies: 221
-- Data for Name: quiz_questions; Type: TABLE DATA; Schema: public; Owner: postgres
--

COPY public.quiz_questions (quiz_id, questions_id) FROM stdin;
3	2
3	25
3	19
3	7
3	21
4	11
4	18
4	26
4	13
4	24
4	14
4	3
4	6
4	22
4	4
5	6
5	22
6	36
6	28
6	35
6	30
6	33
\.


--
-- TOC entry 4912 (class 0 OID 0)
-- Dependencies: 217
-- Name: question_id_seq; Type: SEQUENCE SET; Schema: public; Owner: postgres
--

SELECT pg_catalog.setval('public.question_id_seq', 38, true);


--
-- TOC entry 4913 (class 0 OID 0)
-- Dependencies: 219
-- Name: quiz_id_seq; Type: SEQUENCE SET; Schema: public; Owner: postgres
--

SELECT pg_catalog.setval('public.quiz_id_seq', 6, true);


--
-- TOC entry 4752 (class 2606 OID 16447)
-- Name: question question_pkey; Type: CONSTRAINT; Schema: public; Owner: postgres
--

ALTER TABLE ONLY public.question
    ADD CONSTRAINT question_pkey PRIMARY KEY (id);


--
-- TOC entry 4754 (class 2606 OID 16453)
-- Name: quiz quiz_pkey; Type: CONSTRAINT; Schema: public; Owner: postgres
--

ALTER TABLE ONLY public.quiz
    ADD CONSTRAINT quiz_pkey PRIMARY KEY (id);


--
-- TOC entry 4755 (class 2606 OID 16462)
-- Name: quiz_questions fkcgp9e1c6ww3t383aui4w8feae; Type: FK CONSTRAINT; Schema: public; Owner: postgres
--

ALTER TABLE ONLY public.quiz_questions
    ADD CONSTRAINT fkcgp9e1c6ww3t383aui4w8feae FOREIGN KEY (quiz_id) REFERENCES public.quiz(id);


--
-- TOC entry 4756 (class 2606 OID 16457)
-- Name: quiz_questions fkpmfvwer12y1nrjc0efm04dq16; Type: FK CONSTRAINT; Schema: public; Owner: postgres
--

ALTER TABLE ONLY public.quiz_questions
    ADD CONSTRAINT fkpmfvwer12y1nrjc0efm04dq16 FOREIGN KEY (questions_id) REFERENCES public.question(id);


-- Completed on 2025-05-20 13:12:13

--
-- PostgreSQL database dump complete
--

